company,id
alibaba,3b163ac6-18e3-4607-a7dd-df36f48a3090
apple,5de6eb96-20a5-40d4-8964-2d15cef7af55
apple,239dc71d-667c-424b-b5f1-7d1b2cf3bd7e
bahnhof,1f12ba16-1c57-486b-9646-cd41633df647
avanza,9ea92aec-ec1d-46a4-9f5c-bcdbed76c85e
berkshire,03b644db-c30b-4c45-9f76-0a19c8a98c23
berkshire,a219e904-89ec-4bb3-bb93-ae49224323e2
ferronordic,9c50f912-daf6-4252-81cf-47e2b4377dc7
axfood,ad56093d-9ef9-46dd-a138-8604278df326
spiltan,04c486c6-2a46-41df-ad0c-b6ad68ada432
investor,4ef6ef3e-1d63-49b6-b30b-159636b7c642
investor,b6804ad9-3378-4138-a7c9-1c88ef85011a
investor,6b8bd98a-d400-4c94-8805-c88ff2294e73
meta,7df7698f-ff68-46b0-ae7a-e053ec6f8add
meta,efe1a043-bb95-4368-a48c-4a562e65ba90
meta,2a251d34-b67d-40d7-9c85-f7a699b2914c
meta,9eb6db88-34cd-4111-8633-64567d76f6f0
meta,73688800-beea-4160-9254-4612d2bec173
meta,7a7668ee-b066-47aa-9969-85ac75f1bd5c
meta,c8a481fa-ed31-4fa5-9308-679db75495e7
meta,a7790cf7-c26f-429a-8ba7-b0f32146b3c5
meta,bba6cda5-659e-42b3-81d8-c85e90d24e37
meta,60eae03c-6c3a-4add-ae64-3dedaad81322
meta,0605aff2-9744-4665-b524-646912f2c0c7
meta,e913aaad-eacc-4bdc-a08b-182fb66db09d
meta,f85c7657-a296-4e30-9720-35957f50a190
meta,b580f951-e5a8-4dcf-b398-f1a1a9093fbd
meta,c7832e23-f81d-4d1c-81eb-b92fc4771dbd
meta,273d350c-0eb9-4fb3-9870-aa959aeb705b
meta,97be1809-3e66-4fcf-8101-4e65026983c1
meta,c89a61ba-0d7c-4c85-a092-f58e9f05b9c6
meta,09d73ff6-6b78-498b-ab6c-feb7c8714fd6
meta,d7970bb8-2f1f-47cf-b82f-adba963b50c1
meta,a45f7a0c-002e-43e7-9628-7ecbdf9832f5
meta,9a1ed813-73d1-4eee-9bef-9db3460f6669
meta,abac6397-8453-4161-b471-571ac7ff64ce
meta,7b392b99-feed-42d8-9f0f-fa12b46a6a54
meta,78e6fec4-b4a8-487b-bc56-20ff66fefa5c
meta,8ac628bc-e838-473a-b35b-7b4457949cea
meta,b3d9f564-33d4-42ea-8da5-cb8f67022b88
meta,551edd7b-165e-4b51-9926-9cd3ef0c2953
meta,39198219-8dd1-4e3c-bcf2-445737127463
meta,59e02db2-231a-4576-af44-026fe4e2b0e5
meta,edbb7ee1-eca1-4a5d-b3ee-8cfe06f7c843
meta,24a4550b-03df-4e92-9240-b578aadda19b
meta,1928e6de-2905-48e7-a92b-9decb7249649
meta,fb537392-b255-4c3b-aa26-ac0f76a38e20
meta,fc1391ae-d937-4b01-9772-261c4f234cd2
meta,6dd9a070-7b49-4b1b-89f7-07514e7011d3
meta,2389bec9-c4ae-4c5c-8096-1c837e19fae8
meta,f35fcd4b-5612-4715-b05e-2605547035b2
meta,f5345741-028d-4427-9b62-d3a488b2444d
meta,f5b61273-c403-446d-a572-7476c110b31c
meta,f70fc3f4-7680-4c8c-81f7-0d96936e6a6c
meta,0e4e7059-cab0-4516-ad57-2a3e3c4105ad
meta,f82c1ff4-9e81-4915-93c9-4f14aa67ae52
meta,0a70d056-28fe-4c82-aac6-0944ee81ff03
microsoft,bb8b8aaa-27e6-4481-836e-d411a9b899b5
stoneco,7fe171e6-1141-498c-9937-1eeb54ae9174
teqnion,db5e0a89-ec92-4971-bc6b-dd090897925f
visa,56687ad3-e0fb-491a-b62d-3598a04edf81
visa,58f50a88-6877-4041-b8ae-2c9fc6d435d9
